"","Position","Start","End","Organism","x.short","DNA_seqence","seq_length","Place","nucleotide"
"1",83654,82768,84477,"AGTU.c01","fadD","ATGAGTGAATTGTCCCTGGGACAACCGGAAAATGTCAGCGTCCAGAAGCGCTGGCTGTCATCCTATCCGCAGGGCGTCCCTGCCGAAATCCCCGCATCCGCCTATTCCTCCCTTGTCGAACTTCTCGAAAAGAGCTGCGTGCAGTTTGCCGACCGCAAAGCCTTTTCCAGCATGGGAAAATCCCTGACCTATCGGGAACTGGATATTGAAACCCGCGCCGTTGCCGCATGGCTGCAATCCAGAGGGCTGGAAAAAGGCGACCGCGTTGCCGTGATGATGCCGAATATCCTGCAGAACCCCGTCGCCGTTTACGGGATCTTGCGCGCGGGCATGATCGTGGTGAACGTCAATCCGCTCTATACGCCGCGCGAACTGGAACATCAGCTGAAGGACTCCGGCGCAAAGGCGCTTTTCGTGCTGGAGAATTTTGCGCATGTGGCGCAGCAGGCGGTGCCGAAAACCGCTGTCCGTCACGTGGTTGTTGCCGCCATGGGCGATCTGCTCGGCCTTAAGGGACATATCGTCAATCTTGTGGTTCGCAAGGTGAAGAAGCTCGTGCCCGCCTATGCCATCCCCGGCTCCATCAGTTTCAAGGCCGTGCTGAAGGAAGGGCAGGAACTTCCGCTGAAGCCCGCCAGCCTCAACGCGCAGGACATCGCCTTCCTGCAATATACCGGCGGAACCACTGGCATTTCCAAAGGCGCCATCCTTACCCACGCCAATCTTCTGGCCAACAAGGCCCAGATCAGCCTCTGGCTGGACGCCGCCTTCAGCGGCAAGGACCGGCCCGAGGTTCTCAATTTCATCTGCGCGCTGCCGCTCTGCCACATTTTCGCGCTGACGGTGAATTCGCTGATGGGCATTGCGCTGGGTGGCCATAATCTGCTGATCGCCAATCCGCGCGACATTCCCGGCTTCGTCAAGGAACTGTCGCACTATCGCCCGCATATTTTCCCCGGCATCAACACGCTGTTCAACGCGATGATGAACAATGAGGATTTCCGCAAGCTCGACCTGTCGTCACTGATCCTCGTGCTTGGCGGCGGCATGGCTGTGCAACGGCCAGTGGCCGAACGCTGGCTCTCCATGGTCGGTTGCCCGATCGCAGAAGGTTACGGTCTTTCCGAGACCTCGCCCGTCGCCACCGTCAACCGGCTGGACGCCACGGAATTCAGCGGCACCATCGGCCTGCCGATTTCCTCGACGGAAATCGACATTCGCGACGAAGAGGGTAACAGCCTGCCTTCCGGCGAAGTCGGCGAGATCTGCATTCGCGGGCCGCAGGTCATGGCCGGTTACTGGCAGAGGCCGGATGAAACCGCCAAAGCGATGACGGCAGACGGCTTCTTCCGCTCCGGCGACATGGGTTTCATGGACGATCGCGGTTACACCAAGATCGTGGACCGCAAGAAGGACATGATCCTCGTTTCCGGTTTCAACGTCTATCCGAACGAGGTCGAGGAAGTGGCCGCCAGCCATCCCGGCGTGCTGGAATGCGCCGCAATCGGCGTTCCGGACGAACATTCCGGCGAAACCGTCAAGCTCTTCGTCGTCAAGAAGGACCAGTCCCTGACGGAGGCAGAACTCAAGGCCTTCTGCGCCAAGAACCTTACCAACTACAAACGGCCGAAAATCATCGAGTTCCGCACCGAACTGCCGAAATCCAATGTCGGTAAGATTTTGCGACGCGAATTGCGCAATCTGAACTGA",1710,887,"T"
"2",677536,677068,677808,"AGTU.c01","AGTU_00650","ATGTCCGGCTTTCAAAGGCTGAATATCGTGCGGAAGACAAGGTTTGGTGCCGCTCTGGCGGCAGGCGTCGTCGTCATCGTCTCATTGAGTGGCGGTCCGCTGGTGGCTGCCAGCTGCCGCACCGATGCCATGGCCGGCATCGACTGGCGCGAATGCAACAAGCGCCTTCTGATGCTGGGCGGCAGCAATCTCGATTCGGCGATGCTTTACGGCACGGATTTCACCTATACCGATTTGCGCGGCTCGTCGTTGAAGGGCGCCAATCTCGAGAAAGCCAAACTCATCCGCACGGCACTGGGGGAGGCGAACCTGCAGGGCGCCAATCTGACCAAGGTTGAGGCCTATCGCAGCGATTTTACCGCCGCCGACGCGACCAATGCCAAGTTCATCAATGCCGAAATGCAGCGGACCAAATTCGAGAATACCAAGCTCGACGGTACGGATTTCACCAAGGCCGAACTCGGGCGGGCCGATTTTGAGGGCGCGACGCTGAACGGCTCGAAATTCTCCCTCACCAACCTGTCGCGCGCCCGCTTCGGCGGGGCAAAACTCGGCGGCCCGGTGGATTTCACCAGCGCCTTCCTGCTTTTGACAAGGATCGAAGGGCTCGATCTCTCCACGGCAACCGGCCTCGACCAGAAACAGATCGATATTGCCTGCGGTGACGCCAAGACCAAATTGCCGAACGGCCTGACCGCACCCGCCTCCTGGCCGTGCCCGGAAGAGCCGGACGACGACTGA",741,469,"G"
"3",703340,703145,704191,"AGTU.c01","ropA_2","ATGAACATCAAGAGCCTTCTCATCGGCTCCGCTGCAGCTCTCGCAGCAGTATCCGGCGCACAGGCTGCTGACGCTATCGTCGCTGCTGAGCCTGAGCCCCTTGAATACGTTCGCGTTTGCGACGCTTTCGGCACCGGCTTCTTCTACATCCCCGGCACCGAAACCTGCCTGAAGTTCGGCGGTTACATCCGTTTCCAGACCAACTTTGGCCGTGACTCGTCCGGCACTTCTGACTGGGATTCGTTCACACGCGCTCAGTTCGAAGTTGACACCCGCACCGACACCGAACTCGGTGCTCTGCGTGGCTTCATCGGCTTCCGTGGCAACGCTGATGGCGGCACCGCTGGTGCTGTATCCGGCACCGGCAACACTGGTTCTGGCGTTTTCGTTGACCAGGCCTTCATCGAACTCGGCGGCCTGAAGGTCGGTAAGTTCTACAGCTGGTGGGACGACGATCTGAATGGCGAAACCGACATCCTGTCGACCAACACCCTGTTCAACTCGATCAAGTACACCTACGATGCGGGCTCTTTCCAGGCTGCTCTCTCGGTTGACGAGCTCGAAGGCCAGTACGGTCAGTACCAGTACGGTGCAGACAACAACGTCGGTATCGGCGGCATGATCGGCGGCAAGTTCGGCGCAGTTACCGCCAACCTGATCGCCAGCTACGACTTCGATGCAGAAAACGTTGCTATCCGTGGCATCCTGTTCGCGGACATTGGTCCGGGCACCTTCGGCCTCGCCGGTGTATGGGCCTCTGGCGACAACGCTTACTACGCAAAGTCTGAATGGGCTGTTGCCGTTGAGTACGCGATCAAGGCTACGGATCGCCTGACGCTTACCCCCGGCTTCGAATACCTCAGCAAGCTGGACGTTAACCAGCTTGACGGCGACTTCACTGGCGACCGTGACGCCTGGACTGCTGGTCTGACGGTTGACTACAAGATCACCGAAGGTCTGGCCACCAAGATCACCGCCAACTACTACGACGAAGATGGTCGTGACGACGAAGTTACCGGTTTCGTTCGCCTTCAGCGCACGTTCTAA",1047,196,"C"
"4",1372439,1372185,1372541,"AGTU.c01","AGTU_01326","ATGGGTAAGAAGAAGGAACCACATCCTCTGGACTTGCTGCCGTTCACCGCCAAGCGCGACGGCAAGCAGCTTCCGAAGCCAACCGGCGATCAGTGGCCGCGCTGCTTCTGGCATGTTCACCCCACGGGCGATTACGGCGTCGACACAAAGATCGGCCAGGAATACGCGCTCGCCTATCTAGACTTCGAAGAAAACGACGTCGGCGGCCCCGGATGTCTCAACCTGATAGTTCAGGACATGCCCCGTGAACTGTCCGGCATTGAGCACTCGTTCCTGCAGATGGTTTGCTTCCAAGCAAAAGCAGGGAAAGGGCGAGCGCGTCGCATCGCGAGTTTCTGGGAAGGAGCCGCAGCATGA",357,255,"C"
"5",2863371,2863278,2864348,"AGTU.c01","yjgN","ATGAGTGACATCTCTGTCAGCGCGGATCAGCGCGCGATCGAACGCGGCTCTTTCAGCGGAAATGCCAAGGAGTATTTCGGCATCTGGATCGTCAATATTCTTCTGACGATCATCACCATCGGCATCTATTCCGCCTGGGCAAAGGTGCGCCGCAAGCGTTACTTCAACGGCAATACCGTGCTCGCCGGCCGCGCTTTCGGTTATCACGCCACCGGTGGACAAATCTTCAAGGGCCGGCTTATCGCCTTTGCCTTCATCGTCATCTCGCAGCTTGTCGGCCTCATCCACCCGTTCCTGGTCTTCGTGCCGGCGATCCTGCTTATGATCTTCTTTCCCTGGCTCATTACACGCAGCATCCGATTCAATGCGCGTGTGACGAGCTATCGTAACGTGCGTTTTGATTTTGTCGGCACAGCCGGTGGCGCTTTCGTCTCCATTCTGCTCGGCGGCCTCGTTGCGCTCTTTTCCTTCGGCATTCTGGCGCCTCTGGCCAGCCGCTGGGCGAACCGCTACATTTTCAGCAATCTGCGTTATGGTGATCGGCCGTTTACTGCCGATCCCAAGATTGGCGCGCTTTACCGGGTCTGGATCATTCCCGCCATCATGGTCGTGATCGGCAGCGTCGTGGTCGGCTTTTTCGGCATTGCCGCCTTTGCCGCCAACAGCGCGATGCTCGAAGATGAGACGGCTGCCATGGTGACCGCGCTTGCCTCCCTCTATATCGGCCTTTTCGGCGCGTTTCTGGTCTATGGCCTTGCAGGCGTGGTCTATCGCACCGGCGTGCGCAACGTCGTCATCTCTTCCATGCTGCTTGACGGAAAGCACGAATTGCGCAGCGACCTTCATCGCGGCCGATATCTGTGGATCGTCATCTCCAACCTGATCGTCACCGTTTTCACCTTTGGCCTGATGCGGCCATGGGCGGCGGTACGCGAAGCGCGTTACACCGTCGAGCGCACGGCAATCCGTTTCAACGGCGATGTGGGCGAGGTACTCTCCTCTATGGAGGCGACGGGCGCTGCCGTCAGCGCCGAATATATGGATATGGAAGGTTTCGAATTTGGTTTCTGA",1071,94,"A"
"6",555455,553939,556656,"AGTU.c02","secA","ATGGTCAGTCTCGGCGGAATAGCCCGCAAGTTGTTCGGTTCGGCAAATGAACGCCGCGTCCGCTCCTATAAAAGCAAGATCGCAGCCATCAATGCGCTGGAAGAGGCCACCAAGGCACTTTCCGATGAAGCGCTGGCGGCAAAGACGGTGGAGTTCCGGCAGCAGCTGGCCGACGGCAAGTCGCTGGACGACCTGCTGATCCCGGCTTTCGCCGTCGCCCGCGAGGCGTCGCGCCGCGTTCTGCACATGCGCCCCTTCGACGTGCAGCTGACCGGCGCCATGATCCTGCATGGTGGCGCCATCGCCGAAATGAAGACAGGTGAAGGCAAGACGCTGGTGGCGACCCTTGCGGTTTACCTCAATGCGCTCGCCGGCAAGGGCGTGCATGTCGTCACCGTCAACGACTATCTCGCCAAGCGCGACGCGGCCACGATGAGCAGGCTTTATGGCTTCCTCGGGCTGACGACCGGCGTCATCGTGCATGGGCTTGATGACGACCAGCGACGCGAGGCCTATGCCTGCGACATTACCTACGCGACGAATAACGAACTCGGCTTCGATTATCTGCGCGACAACATGAAATACGACCGCGCCCAGATGGTGCAGCGTAGCCACAATTATGCGATCGTCGACGAAGTCGACTCCATCCTCGTCGATGAGGCGCGCACGCCGCTCATCATCTCCGGCCCGCTGGACGACCGCTCCGATCTTTACAACACGATCGACGCCTTCATTCCGCTTCTGTCCCCGGAAGACTATGAGATCGATGAAAAGCAGCGTTCGGCCAACTTCTCCGAAGACGGCACCGAGAAGCTCGAGAACCTGCTGCGGCAGGCCGGCCTTTTGAAGGGCGAATCGCTTTACGACATCGAAAACGTCGCCATCGTTCACCACATCAACAATGCGCTGAAGGCCCACAAGCTCTTCACCCGCGACAAGGACTACATCGTCCGCAACGACGAGATCGTCATCATCGACGAATTCACCGGCCGCATGATGCCGGGCCGCCGTTATTCCGAAGGCCAGCACCAGGCTCTGGAAGCCAAGGAAAAGGTGCAGATCCAGCCGGAAAACCAGACGCTTTCGTCCGTTACCTTCCAGAACTATTTCCGCATGTACGCAAAGCTTGCCGGCATGACCGGTACGGCATCGACGGAAGCGGAAGAATTCGGCAACATCTACGGCCTCGACGTCATCGAAGTGCCGACCAACCTGCCGATCCAGCGTATCGATGAAGATGACGAGGTCTACCGCACCGGCGAAGAGAAGTTCCTGGCGATCATCACCGAGATCAAGGCGGCGCATGAGCGTGGCCAGCCGGTTCTCGTCGGCACGACCTCGATCGAAAAATCGGAACTTCTGGCCCATATGCTGCGCCAGTCGGGCTTTACCGATTTCCAGGTTCTGAACGCCCGTTACCACGAGCAGGAAGCTTACATCGTTTCGCAGGCCGGCGTTCCCGGCGCCGTCACCATCGCCACCAACATGGCTGGCCGCGGCACGGACATCCAGCTCGGCGGCAACGTCGACATGCGCCTCGAGCGCGAGCTGGAAGGCATGGAGCCGGGTCCGGAGCGTGACGCCAAGGAAGAGGCGATCCGCGCGGAGATCAAGGTTCTGAAGGAAAAGGCGCTCGCCGCCGGCGGTCTTTACGTCATTGCCACCGAACGCCACGAAAGCCGCCGTATCGACAATCAGTTGCGCGGCCGCTCCGGCCGTCAGGGTGACCCCGGCCGTTCGAAATTCTACCTGTCGCTCCAGGACGACCTGATGCGCATCTTCGGCTCCGAGCGCATGGACAGCATGCTGCAGAAGCTCGGCCTGAAGGAGGGCGAGGCCATCGTCCATCCCTGGATCAACAAGGCGCTGGAACGCGCCCAGAAGAAGGTCGAAGCCCGCAACTTCGAGACCCGCAAGAACCTTCTGAAATATGACGACGTGCTGAACGATCAGCGCAAGGTGATCTTCGAGCAACGCCTCGAACTGATGGAATCCGACAATATCGGCGAAACCGCAGCCGATATGCGCCATGAAGTCATCGAGGCGCTCGTCACCAAGCATATTCCGGAAAATGCCTATGCCGAACAGTGGGATATTGCGGGCCTGAAAGCCGGTATCGAGCAGTTCCTGAACCTCAACCTGCCGGTGGAGGAATGGGCAAAGGAAGAAGGCATCGCCGAAGACGATATTCTGGAGCGTGTCACCGAGGCCGCCGATAAATACGCCGCCGAGCGGGCGGAGCGTTTCGGCCCCGAGATCATGGCCTATGTCGAACGCTCGGTCGTCCTGCAGACGATCGACCATCTGTGGCGCGAACATATCGTCAACCTCGATCATCTGCGTTCCGTCGTCGGTTTCCGCGGTTATGCCCAGCGCGACCCGCTGCAGGAATACAAGGCGGAAGCCTTCGAGCTGTTCCAGACGCTGCTGACCAATCTGCGCGAAGCCGTTACCGCCCAGTTGATGCGCGTGGAACTGGTGCAGCAGGAGCCGCAGCAGCCGGAACTGCCGGAAATGACCGCGCACCACCTCGATCCGGTTACGGGCGAAGACGAGATGTCGCATATTGGACAAGTCGCGCCGGTTGCTTTCGTTCCGAGTGAGGAACGTGATCCGAACAACCCCGCCACCTGGGGCCGTATCGGGCGCAACGAAATGTGCCCCTGCGGTTCGGGCAAGAAATACAAGCACTGCCACGGCGTTTACGAACAGGCGTAA",2718,1517,"G"
"7",181352,181281,181562,"AGTU.p02","frmR","ATGCCGCATTCGATAGAAGACAGGAAGCGAGTCAGTACCCGGCTGAGACGGATCAAAGGGCAGGTCGAAGCTCTCGAACGGGCAGTGGAAGCTGGAACCGAGTGCCGCCTGCTTCTACAACAAATTGCCGCCATGAGAGGCGCGGCCGGAGGGGTGATGGCAGAAGTGCTCGAAATCCACCTACGCGAGACCATGGGATCGGCAGAACTACAACAGAAGCCATCGATCAAAGATGATCAGATGGAAGACATCATGAAAATCCTGCGGGCTTACCTGAAATAA",282,72,"T"
"8",4436504,4436374,4436670,"COTE.c01","COTE_04126","ATGAATTTCAGCGACGCCATCAAGGAATTGACGCTGGGTAAGCGCCTGCAGCGTACGGGCTGGGGCGGCAAAGGCCTGTTTGTCTATCTGGTGCCTGCCGCCAGCTGTCCGGTGCAGACCGGCGCTGCCAAGGAGCATTTCGGCGTGGGCGCGATGGTGCCCTACAACGCCTATCTCGCTATCAAGAACGTAGACGAGACTGTCAGTACCTGGGTGCCAAGCGTCAATGCCTGCCTGGCCGATGCGGGGTGTGGTGGGCTGCACGGTCTCGCCCCCCCATCAGCGCGTGCTGGATGA",297,131,"A"
"9",5466537,5465708,5466982,"COTE.c01","nasR","ATGAAAACGCCTCTGCACTATCTGGTGGCCGCAAGGCAAAGCGAGATTGCCGAGCTGGAGCAGATCAGCCGCGCCAGCAGCCTGGTGGCGAGCGTGTCCGAGCTCGTCCATGCGCTGCAAAAAGAGCGCGGTCTCTCGAATATCTTTCTGGTCAGCGGCGGAGCACAGGCGCAGCAGAGCCTGCTCGATCATGGCCGGCATGTGGACCGTGTCATGGAGCGTGTCTGCCTTGCGCTTGAAGAGCTGGGCGCGCGGGCGCCGGGCGCGCATGGCGCTCGCCTGTTCAATGCGATCGCCAATGCGCTGCAAGGCTTTGAAGCCCTGCCGCTGCTGCGCCGTCGGCGCGATGCGCTGCAGCTCAGTGCCGAGGATTGCACGCAGGCGCTGATCCGCATGATTGCGGCCTGCCTGACCGTGGTGTTCGAGGCGGCGGACAGCGCTTGCGATCCCGATATCGCGAAATTGCTGGTGGCGCTGTTTCATTTCATGCAGGGCAAGGAGCTGGCGGGCCAGGAGCGCGCCACGGGGGTCGCGGCGTTTACCGCAGGGGGCGGCAGGTCGGAGCGTCAGCGCCATTGGCTGCATCTGATCGAGTCGCAGGAGCGCTGCTTTCAGGTGTTTGCAGACTTCGCCAGCCCCTCTGGGATGGAGCGCTGGCAGCAGCAATGCGGGGCCTGTCCCGATATGACGGTGATCGAGCGGCTGCGTCGTATGGGCTGCACGGCCGGGGACGGCATGGCGCTGGACCGCAGCCTGAGCTCGCCGTGGTTCGAGGCCTGTTCCAGCCGGCTCGATGCCATGCACCAGATTGAGGCATTTCTGGCCGATGAGCTGCAGGCCCAATGTCTGCGCAAGCTGGAGCAGGCGGGGGCGGCGCTGGGTCAGCAACTGGCGCTGCTGGAGATGCAGCCGCAGCCTGGGACTCGCGCCGAAGCGGCTGCGGCCTTTCTGGGGGCCACGCAGTCAGCTGCCTCCTTGCCTGCAGAGGGGGCGTACGGGTTGCAGCTTGAGAAAAGCATTGTCTTGCTGGTGCAGGAGCAATCCATGCGCCTGCAGGACATGCAGACCGAAATCGACAAGGCACGCGCCACGCTCAAGGAGCGCAAGACCATAGAACGCGCCAAGGGCGTGCTCATGAACTACCGCCAGCTCAGCGAGGGCGATGCCTACAAGCTGATCCGCCAGACGGCCATGAACCAGAACCGGCGCATGCTGGATGTGGCCGAGGCCATTCTGGCCACGGTGGATCTGCTGCCGGGCAGCACCAATTCATAG",1275,830,"A"
"10",5466552,5465708,5466982,"COTE.c01","nasR","ATGAAAACGCCTCTGCACTATCTGGTGGCCGCAAGGCAAAGCGAGATTGCCGAGCTGGAGCAGATCAGCCGCGCCAGCAGCCTGGTGGCGAGCGTGTCCGAGCTCGTCCATGCGCTGCAAAAAGAGCGCGGTCTCTCGAATATCTTTCTGGTCAGCGGCGGAGCACAGGCGCAGCAGAGCCTGCTCGATCATGGCCGGCATGTGGACCGTGTCATGGAGCGTGTCTGCCTTGCGCTTGAAGAGCTGGGCGCGCGGGCGCCGGGCGCGCATGGCGCTCGCCTGTTCAATGCGATCGCCAATGCGCTGCAAGGCTTTGAAGCCCTGCCGCTGCTGCGCCGTCGGCGCGATGCGCTGCAGCTCAGTGCCGAGGATTGCACGCAGGCGCTGATCCGCATGATTGCGGCCTGCCTGACCGTGGTGTTCGAGGCGGCGGACAGCGCTTGCGATCCCGATATCGCGAAATTGCTGGTGGCGCTGTTTCATTTCATGCAGGGCAAGGAGCTGGCGGGCCAGGAGCGCGCCACGGGGGTCGCGGCGTTTACCGCAGGGGGCGGCAGGTCGGAGCGTCAGCGCCATTGGCTGCATCTGATCGAGTCGCAGGAGCGCTGCTTTCAGGTGTTTGCAGACTTCGCCAGCCCCTCTGGGATGGAGCGCTGGCAGCAGCAATGCGGGGCCTGTCCCGATATGACGGTGATCGAGCGGCTGCGTCGTATGGGCTGCACGGCCGGGGACGGCATGGCGCTGGACCGCAGCCTGAGCTCGCCGTGGTTCGAGGCCTGTTCCAGCCGGCTCGATGCCATGCACCAGATTGAGGCATTTCTGGCCGATGAGCTGCAGGCCCAATGTCTGCGCAAGCTGGAGCAGGCGGGGGCGGCGCTGGGTCAGCAACTGGCGCTGCTGGAGATGCAGCCGCAGCCTGGGACTCGCGCCGAAGCGGCTGCGGCCTTTCTGGGGGCCACGCAGTCAGCTGCCTCCTTGCCTGCAGAGGGGGCGTACGGGTTGCAGCTTGAGAAAAGCATTGTCTTGCTGGTGCAGGAGCAATCCATGCGCCTGCAGGACATGCAGACCGAAATCGACAAGGCACGCGCCACGCTCAAGGAGCGCAAGACCATAGAACGCGCCAAGGGCGTGCTCATGAACTACCGCCAGCTCAGCGAGGGCGATGCCTACAAGCTGATCCGCCAGACGGCCATGAACCAGAACCGGCGCATGCTGGATGTGGCCGAGGCCATTCTGGCCACGGTGGATCTGCTGCCGGGCAGCACCAATTCATAG",1275,845,"G"
"11",5466695,5465708,5466982,"COTE.c01","nasR","ATGAAAACGCCTCTGCACTATCTGGTGGCCGCAAGGCAAAGCGAGATTGCCGAGCTGGAGCAGATCAGCCGCGCCAGCAGCCTGGTGGCGAGCGTGTCCGAGCTCGTCCATGCGCTGCAAAAAGAGCGCGGTCTCTCGAATATCTTTCTGGTCAGCGGCGGAGCACAGGCGCAGCAGAGCCTGCTCGATCATGGCCGGCATGTGGACCGTGTCATGGAGCGTGTCTGCCTTGCGCTTGAAGAGCTGGGCGCGCGGGCGCCGGGCGCGCATGGCGCTCGCCTGTTCAATGCGATCGCCAATGCGCTGCAAGGCTTTGAAGCCCTGCCGCTGCTGCGCCGTCGGCGCGATGCGCTGCAGCTCAGTGCCGAGGATTGCACGCAGGCGCTGATCCGCATGATTGCGGCCTGCCTGACCGTGGTGTTCGAGGCGGCGGACAGCGCTTGCGATCCCGATATCGCGAAATTGCTGGTGGCGCTGTTTCATTTCATGCAGGGCAAGGAGCTGGCGGGCCAGGAGCGCGCCACGGGGGTCGCGGCGTTTACCGCAGGGGGCGGCAGGTCGGAGCGTCAGCGCCATTGGCTGCATCTGATCGAGTCGCAGGAGCGCTGCTTTCAGGTGTTTGCAGACTTCGCCAGCCCCTCTGGGATGGAGCGCTGGCAGCAGCAATGCGGGGCCTGTCCCGATATGACGGTGATCGAGCGGCTGCGTCGTATGGGCTGCACGGCCGGGGACGGCATGGCGCTGGACCGCAGCCTGAGCTCGCCGTGGTTCGAGGCCTGTTCCAGCCGGCTCGATGCCATGCACCAGATTGAGGCATTTCTGGCCGATGAGCTGCAGGCCCAATGTCTGCGCAAGCTGGAGCAGGCGGGGGCGGCGCTGGGTCAGCAACTGGCGCTGCTGGAGATGCAGCCGCAGCCTGGGACTCGCGCCGAAGCGGCTGCGGCCTTTCTGGGGGCCACGCAGTCAGCTGCCTCCTTGCCTGCAGAGGGGGCGTACGGGTTGCAGCTTGAGAAAAGCATTGTCTTGCTGGTGCAGGAGCAATCCATGCGCCTGCAGGACATGCAGACCGAAATCGACAAGGCACGCGCCACGCTCAAGGAGCGCAAGACCATAGAACGCGCCAAGGGCGTGCTCATGAACTACCGCCAGCTCAGCGAGGGCGATGCCTACAAGCTGATCCGCCAGACGGCCATGAACCAGAACCGGCGCATGCTGGATGTGGCCGAGGCCATTCTGGCCACGGTGGATCTGCTGCCGGGCAGCACCAATTCATAG",1275,988,"G"
"12",5466897,5465708,5466982,"COTE.c01","nasR","ATGAAAACGCCTCTGCACTATCTGGTGGCCGCAAGGCAAAGCGAGATTGCCGAGCTGGAGCAGATCAGCCGCGCCAGCAGCCTGGTGGCGAGCGTGTCCGAGCTCGTCCATGCGCTGCAAAAAGAGCGCGGTCTCTCGAATATCTTTCTGGTCAGCGGCGGAGCACAGGCGCAGCAGAGCCTGCTCGATCATGGCCGGCATGTGGACCGTGTCATGGAGCGTGTCTGCCTTGCGCTTGAAGAGCTGGGCGCGCGGGCGCCGGGCGCGCATGGCGCTCGCCTGTTCAATGCGATCGCCAATGCGCTGCAAGGCTTTGAAGCCCTGCCGCTGCTGCGCCGTCGGCGCGATGCGCTGCAGCTCAGTGCCGAGGATTGCACGCAGGCGCTGATCCGCATGATTGCGGCCTGCCTGACCGTGGTGTTCGAGGCGGCGGACAGCGCTTGCGATCCCGATATCGCGAAATTGCTGGTGGCGCTGTTTCATTTCATGCAGGGCAAGGAGCTGGCGGGCCAGGAGCGCGCCACGGGGGTCGCGGCGTTTACCGCAGGGGGCGGCAGGTCGGAGCGTCAGCGCCATTGGCTGCATCTGATCGAGTCGCAGGAGCGCTGCTTTCAGGTGTTTGCAGACTTCGCCAGCCCCTCTGGGATGGAGCGCTGGCAGCAGCAATGCGGGGCCTGTCCCGATATGACGGTGATCGAGCGGCTGCGTCGTATGGGCTGCACGGCCGGGGACGGCATGGCGCTGGACCGCAGCCTGAGCTCGCCGTGGTTCGAGGCCTGTTCCAGCCGGCTCGATGCCATGCACCAGATTGAGGCATTTCTGGCCGATGAGCTGCAGGCCCAATGTCTGCGCAAGCTGGAGCAGGCGGGGGCGGCGCTGGGTCAGCAACTGGCGCTGCTGGAGATGCAGCCGCAGCCTGGGACTCGCGCCGAAGCGGCTGCGGCCTTTCTGGGGGCCACGCAGTCAGCTGCCTCCTTGCCTGCAGAGGGGGCGTACGGGTTGCAGCTTGAGAAAAGCATTGTCTTGCTGGTGCAGGAGCAATCCATGCGCCTGCAGGACATGCAGACCGAAATCGACAAGGCACGCGCCACGCTCAAGGAGCGCAAGACCATAGAACGCGCCAAGGGCGTGCTCATGAACTACCGCCAGCTCAGCGAGGGCGATGCCTACAAGCTGATCCGCCAGACGGCCATGAACCAGAACCGGCGCATGCTGGATGTGGCCGAGGCCATTCTGGCCACGGTGGATCTGCTGCCGGGCAGCACCAATTCATAG",1275,1190,"C"
"13",5466897,5465708,5466982,"COTE.c01","nasR","ATGAAAACGCCTCTGCACTATCTGGTGGCCGCAAGGCAAAGCGAGATTGCCGAGCTGGAGCAGATCAGCCGCGCCAGCAGCCTGGTGGCGAGCGTGTCCGAGCTCGTCCATGCGCTGCAAAAAGAGCGCGGTCTCTCGAATATCTTTCTGGTCAGCGGCGGAGCACAGGCGCAGCAGAGCCTGCTCGATCATGGCCGGCATGTGGACCGTGTCATGGAGCGTGTCTGCCTTGCGCTTGAAGAGCTGGGCGCGCGGGCGCCGGGCGCGCATGGCGCTCGCCTGTTCAATGCGATCGCCAATGCGCTGCAAGGCTTTGAAGCCCTGCCGCTGCTGCGCCGTCGGCGCGATGCGCTGCAGCTCAGTGCCGAGGATTGCACGCAGGCGCTGATCCGCATGATTGCGGCCTGCCTGACCGTGGTGTTCGAGGCGGCGGACAGCGCTTGCGATCCCGATATCGCGAAATTGCTGGTGGCGCTGTTTCATTTCATGCAGGGCAAGGAGCTGGCGGGCCAGGAGCGCGCCACGGGGGTCGCGGCGTTTACCGCAGGGGGCGGCAGGTCGGAGCGTCAGCGCCATTGGCTGCATCTGATCGAGTCGCAGGAGCGCTGCTTTCAGGTGTTTGCAGACTTCGCCAGCCCCTCTGGGATGGAGCGCTGGCAGCAGCAATGCGGGGCCTGTCCCGATATGACGGTGATCGAGCGGCTGCGTCGTATGGGCTGCACGGCCGGGGACGGCATGGCGCTGGACCGCAGCCTGAGCTCGCCGTGGTTCGAGGCCTGTTCCAGCCGGCTCGATGCCATGCACCAGATTGAGGCATTTCTGGCCGATGAGCTGCAGGCCCAATGTCTGCGCAAGCTGGAGCAGGCGGGGGCGGCGCTGGGTCAGCAACTGGCGCTGCTGGAGATGCAGCCGCAGCCTGGGACTCGCGCCGAAGCGGCTGCGGCCTTTCTGGGGGCCACGCAGTCAGCTGCCTCCTTGCCTGCAGAGGGGGCGTACGGGTTGCAGCTTGAGAAAAGCATTGTCTTGCTGGTGCAGGAGCAATCCATGCGCCTGCAGGACATGCAGACCGAAATCGACAAGGCACGCGCCACGCTCAAGGAGCGCAAGACCATAGAACGCGCCAAGGGCGTGCTCATGAACTACCGCCAGCTCAGCGAGGGCGATGCCTACAAGCTGATCCGCCAGACGGCCATGAACCAGAACCGGCGCATGCTGGATGTGGCCGAGGCCATTCTGGCCACGGTGGATCTGCTGCCGGGCAGCACCAATTCATAG",1275,1190,"C"
"14",5466905,5465708,5466982,"COTE.c01","nasR","ATGAAAACGCCTCTGCACTATCTGGTGGCCGCAAGGCAAAGCGAGATTGCCGAGCTGGAGCAGATCAGCCGCGCCAGCAGCCTGGTGGCGAGCGTGTCCGAGCTCGTCCATGCGCTGCAAAAAGAGCGCGGTCTCTCGAATATCTTTCTGGTCAGCGGCGGAGCACAGGCGCAGCAGAGCCTGCTCGATCATGGCCGGCATGTGGACCGTGTCATGGAGCGTGTCTGCCTTGCGCTTGAAGAGCTGGGCGCGCGGGCGCCGGGCGCGCATGGCGCTCGCCTGTTCAATGCGATCGCCAATGCGCTGCAAGGCTTTGAAGCCCTGCCGCTGCTGCGCCGTCGGCGCGATGCGCTGCAGCTCAGTGCCGAGGATTGCACGCAGGCGCTGATCCGCATGATTGCGGCCTGCCTGACCGTGGTGTTCGAGGCGGCGGACAGCGCTTGCGATCCCGATATCGCGAAATTGCTGGTGGCGCTGTTTCATTTCATGCAGGGCAAGGAGCTGGCGGGCCAGGAGCGCGCCACGGGGGTCGCGGCGTTTACCGCAGGGGGCGGCAGGTCGGAGCGTCAGCGCCATTGGCTGCATCTGATCGAGTCGCAGGAGCGCTGCTTTCAGGTGTTTGCAGACTTCGCCAGCCCCTCTGGGATGGAGCGCTGGCAGCAGCAATGCGGGGCCTGTCCCGATATGACGGTGATCGAGCGGCTGCGTCGTATGGGCTGCACGGCCGGGGACGGCATGGCGCTGGACCGCAGCCTGAGCTCGCCGTGGTTCGAGGCCTGTTCCAGCCGGCTCGATGCCATGCACCAGATTGAGGCATTTCTGGCCGATGAGCTGCAGGCCCAATGTCTGCGCAAGCTGGAGCAGGCGGGGGCGGCGCTGGGTCAGCAACTGGCGCTGCTGGAGATGCAGCCGCAGCCTGGGACTCGCGCCGAAGCGGCTGCGGCCTTTCTGGGGGCCACGCAGTCAGCTGCCTCCTTGCCTGCAGAGGGGGCGTACGGGTTGCAGCTTGAGAAAAGCATTGTCTTGCTGGTGCAGGAGCAATCCATGCGCCTGCAGGACATGCAGACCGAAATCGACAAGGCACGCGCCACGCTCAAGGAGCGCAAGACCATAGAACGCGCCAAGGGCGTGCTCATGAACTACCGCCAGCTCAGCGAGGGCGATGCCTACAAGCTGATCCGCCAGACGGCCATGAACCAGAACCGGCGCATGCTGGATGTGGCCGAGGCCATTCTGGCCACGGTGGATCTGCTGCCGGGCAGCACCAATTCATAG",1275,1198,"C"
"15",5643748,5643413,5644879,"COTE.c01","trkH","ATGAAAGACCTGCTCCCTGTCCTGCGTGTGCTGGGCATGCTGATGATGATGTTTGCCGGCGCCATGCTGCTGCCCTTTGGCATCTCCTGGTTCACCCAGGATGGCATCTGGCGCATCTACCCCTGGTCGATCGGACTGACGGTTGGCGTGGGCCTGCTGCTGTGGGGGGGGCTGCACCGTCACAAGCAGGATCTGCAACCGCGTCATGGCGTGATTCTGGTGACCTTGGTCTGGGTGGTGCTGCCGCTGTGCGCCATGGTGCCGCTGGTGATGGGGCTGAACCGGGTGGGCATCTCCATCAGCCTTACCCATGCCTACTTTGAGGCCGTATCGGGCCTGACGACAACCGGGGCCACGGTGCTCAGCGGTCTGGACCAGCTGCCGGTGTCCATCAATGTCTGGCGTACCTTCATGCAATGGATGGGGGGCATGGGGATTCTGATTCTGGCCGTGGCCGTGCTGCCGCTGCTGGGTGTCGGAGGTGCTCAGCTTTTCAGGGCGGAGGCCGCCGGCCCCGTCAAGGACACCAAGCTCACGCCGCGTATCACCGAAACGGCCAAGGGCCTGTGGGGCGTGTACGCGCTGTTCTCCATTGGCTGTTTTGTGACCTTCTGGGTCTGCGGCATGCAGCCCCTGGATGCGCTGATGCATATGTTTGCCACGGTGAGTCTGGGCGGGCTGTCATCGCACGATGCCAGCTTTGCCTATTTCAACTCGCCACTGCTGGAGGTCGCGGCCCTGCTGTTCATGCTGTTGGCCAGCTGCAACTTTGCGCTGTACTTCGTGGCCATGCGCAAGGGCCGCATCGAGAGCTTTATGCGCGACCCCGAAATGCGCGCCACGATTGGCGTGCTGCTGGGCTCGGGCCTGCTGGTGGCGCTGCTGCTCTGGATCAAGGGTGTCTATGGGCCGCTGGATGCCTTGCGCAACGGCATGTTCCACACCGTCTCGGTAGCCACGACCACCGGTTTTTCCACCACGGACTATCTGGCTTGGCCGGTGTTCATTCCTGTCTTGCTGTTGCTGCTGTCGGGGGTGGCCACCAGTGCGGGCTCGACCGGAGGCGGCATCAAGATGGTGCGCATGCTGATTCTGGTCAAGCAGGCCAGGCGCGAGATGACACGTCTGGTGCACCCGCGAGCCGTGCAGCCGGTGCGGCTGGGCGATGCGGTGGTAGATAACCCGATGATTTTTTCGGTGCTGGCCTACATGCTGGTTTACGGTGCCACCGTCATTGTGCTGAGCATGGTGCTGCTGCTGACCGATCTCGACCCTCTGACCGCGTTCTCTGCCGTGCTGGCCAGCGTGCACTGCATGGGGCCGGGGCTGGGTGCGGTTGGCCCATCATCCAACTACACGGTGTTGACGGATTTCCAGATCTGGGTGTGTACTCTGGGCATGCTGTTGGGGCGGCTCGAGATACTGAGTTTCATGGCTTTGCTGTCACCGGCATTCTGGCGTCGTTGA",1467,336,"C"
"16",699272,697714,699714,"MISA.c01","ftsH_1","ATGGATGTGAAGAAGCTCACCCGGAATCCGCTGATCTACGTCGCGCTGATCGGCGTGCTCCTGTTCGGCGGTTTCCTGCTGATCTCGAATCTGGGCGCGCCCAAGCAGATCACGACGCAGGAGGGGCTCAAGCTCCTCTCCGGCACCACGGTCACCGAGGTCGTGAACACCGACGGCGATCAGCGCGTGGACATGACGCTCTCCAAGCCGTTCCAGGGCTCGGAGAACGTGCAGTTCTACTACGTCGACGCGCGCGCCGACGAGGTGGTCACCGCGATCAACGAGGCAGCTCCGAAGGACGGCTTCAACGACGCCGTCCCGCGTGCGACCTGGTTCGACGGCTTCCTCTCGCTCCTCCTTCCCCTCGTGCTGCTGGGTTTGCTGTTCTGGTGGCTGCTGTCGTCGATGCAGGGCGGTGGCGGCAAGGTCATGCAGTTCGGCAAGTCCAAGGCCAAGCTCGTCAACAAGGAGACCCCCACCGTCACCTTCGCCGACGTGGCCGGTGCCGACGAGGCCATCGAAGAGCTCCATGAGATCAAGGAGTTCCTCCAGGACCCCGCGAAGTTCCAGGCCATCGGAGCCCGCATCCCGAAGGGCGTGCTGCTGTACGGCCCTCCCGGAACCGGCAAGACGCTCCTCGCCCGCGCCGTCGCCGGCGAGGCCGGAGCCCCCTTCTACTCGATCTCCGGTTCCGACTTCGTCGAGATGTTCGTCGGCGTCGGCGCCTCGCGCGTGCGCGACCTCTTCGGCCAGGCCAAGGAGAACGCGCCGGCCATCATCTTCATCGATGAGATCGACGCCGTCGGTCGTCACCGTGGCGCCGGCATGGGCGGCGGCAACGACGAGCGCGAGCAGACCCTCAACCAGATGCTGGTGGAGATGGACGGCTTCGACCCGAACGCGAACGTCATCGTGATCGCGGCGACCAACCGCCCGGACATCCTCGACCCCGCACTGCTGCGCCCCGGTCGCTTCGACCGTCAGATCGGCGTCGACGCGCCCGACCTCAAGGGCCGTCAGAAGATCCTCGAGGTGCACAGCAAGGGCAAGCCCCTGGCGAAGAGCGTCGACCTCGAGGTCGTCGCCCGCAAGACCCCCGGATTCACGGGTGCCGACCTTGCGAACGTGCTCAACGAGGCCGCGCTGCTCACCGCGCGCTCGAACGCGCAACTGGTCGACAACCGCGCCCTCGACGAGGCCATCGACCGTGTGATCGCCGGCCCGCAGCGTCGCACCCGTGTGATGCGGGACAAGGAGAAGCTGATCACGGCGTACCACGAGGGCGGTCACGCGCTCGCCGCCGCGGCGATGAACTACACCGACCCCGTGACCAAGATCACGATCCTGCCCCGCGGCAAGGCCCTCGGCTACACGATGGTGCTGCCGCTGGATGACAAGTACTCCGTCACCCGCAACGAGCTCCAGGACCAGTTGACCTATGCGATGGGTGGCCGCGTCGCGGAGGAGATCGTGTTCCACGATCCGACCACCGGTGCCTCGAACGACATCGAGAAGGCCACCTCGATCGCCCGCAAGATGGTCATCGAGTACGGCATGACCGCCGAACTCGGTCCGGTGAAGCTGGGGACGGAAGGCGGCGAGCCCTTCGCCGGCCGCGACATGGGTCGAGGCCGTGAGTACTCCGAGACGATCGCCGAGCGGGTCGACACCCAGGTCCGCGCGCTCATCGAACAGGCCCATAACGAGGCGTACGAGGTCATCAGCGCGAACCGTGACATCCTCGACAAGCTCGCCCTCGCGCTGCTCGAGGAGGAGACCCTCGACCACAACCAGATCGCGGAGATCTTCACCGAGATCAAGAAGCTCCCCGAGCGCCCGCTGTGGCTTTCGAGCGAAAGACGCCCGGTGTCCGAGCGCCCTCCGATCGAGGTGCCGAAGAAGGACGTCTCGCTCGCGGCATCCGTCGAGGCTCCGGCCAGCGCGCCGCGCACGCAGCCGGGTTCGGCGGGAGCCGGGAACCCGCGGCCCGCGACGGCGTGA",2001,1559,"C"
"17",1281972,1281677,1282456,"MISA.c01","dedA_1","ATGCTGCACGCGCCGACCGCTCTCATCCCCTGGCTCGACCCTGCGACGATCATCGGGACCGCCGGGCCGTGGGCACTGCTCGTGGTGTGCTTCATCATCTTCGCCGAGACCGGTCTGCTCGTCGGGTTCCTGCTTCCCGGTGACACCCTCCTGGTGATCGCCGGCCTCCTCTCGCACCCGATCGCGGGCTCCGAGCACGGCGTCTTCGGCATCAACGTCTGGTGGGTCGCACTCCTGATCGGCCTCGCGGCGTTCGTCGGCGGTGAAGTCGGATACGTCATCGGCCACAAGGGCGGACCGGCGGTCTTCGAGCGCAAGGAATCGGGCCTGTTCAGCAAGAAGAACGTCGAACGCACGAACGCGTTCTTCGAGCGCTTCGGCGGCATCACCGTGATCCTCGCGCGCTTCGTGCCGATCGTGCGCACCTTCGCCCCGGTCGCCGCTGGTGTGGGCCATATGCCATGGCGCAAGTACACCCTCTACAACCTGATCGGGGCAGTCCTCTGGGGCTTCGGGCTCACCATGTTCGGCTATCTCATCGGCTTCATCCCGCCGGTCGCCGAGTTCGTGGAGAGCTACATCGACCTGATCCTACTTGCGGCCGTCGGTGGCACCGCGCTCGTCACCCTGTGGCACTACCTCTCCGAGCGTCACAAGGCCAAGAAGTCCGCTGCGGCAGGCGAAGACGTGGTCACCGACGCCGAGGAGGCACAGGAGCTCGTGCTCGACGCCGACGTCTTCGACCGTTCTCCCGACCTGGACGGCGACGGCAAGCACTGA",780,296,"G"
"18",1628511,1628109,1629221,"MISA.c01","MISA_01549","GTGCCTGAGAACCACGAACCCCAGGAGCGGAGCCTCGGCGGCCAGCCGCCCGAGGCGGTCGAGAAGATCTACGCCGACGGCGTCGCGATGGTCCAGCTGCTCGGGCCGCAGGACCGGCTTCTGCGGATGCTGGAGAAGGAGCACCGTGACGTCCAGGTGCTGGTGCGCGGCAACGAGATCACACTCAGCGGCACCGCCGATGCGGTCGCGAAGGCGAAGACACTGGTCGAAGAGCTTCTCGAGATGACCAGGGCAGGGCATGATCTGGCCCCGAGCGATGTCTCCAGCTCAGCACGCATGCTGCGGCAGGAGGGGGGCCCGCGTCCGAGCGAGGTCCTGGGCGAGGCCATCCTGACGACCCGCGGCAAGGTCATCCGTCCGAAGACCCTCGGGCAGAAGGAGTACGTCGACGCGATCGAGGAGAACACGATCGTGTTCGGCATCGGTCCCGCCGGTACCGGCAAGACCTACCTCGCGATGGCGAAGGCCGTGCAGGCGCTCCAGCGCAAAGAGGTCACCCGCATCATCCTCACGCGTCCCGCCGTCGAGGCGGGGGAGCGGCTCGGTTTCCTCCCCGGCACCCTGACCGACAAGATCGATCCGTACCTGCGCCCGCTGTACGACGCGCTCAACGAGATGATGGACCCGGAGATCGTCCCGCGCCTCATGGCGACCGGCACGATCGAGGTGGCACCTCTCGCCTACATGCGCGGCCGTACCCTCAACGACTCCTTCGTCGTGCTCGACGAGGCGCAGAACACCACCCCAGAGCAGATGAAGATGTTCCTGACCCGTCTCGGCTTCGGCACGCGGATGGTCGTCACCGGTGACATCACGCAGGTCGACCTTCCGCAGGGATCCTCGGGACTCCGCCTGGTGACCCGCGTGCTCGACGGCATCGACGACATCCACTTCTCCCGGCTCACGAGTGACGACGTCGTGCGGCATTCGCTGGTCGGACGCATCGTCGACGCGTACAGCGAATACGACGAGAAACGCACCGCGCAGCGGTTCGAGCGCGAACAGGCGGCCGAGTTCGCCAATCGGGCCGAGCGCAGGGGAGCACAACGACCAGGACCGCGTGACCGCGCGCCGAAACGAGGACTCTCATGA",1113,403,"T"
"19",2587322,2587129,2588556,"MISA.c01","puuP_3","ATGGCAACGAAGACGAAGCCGCTGGCGCAAGGCGGAGGGACGCTCCGACGAAATCTGGGGTTGTGGGCCATCGTCGGGCTCGGGCTCGGCTACATGACACCGACGGTCGTCTTCGACACCTTCGGCATGGTCGCCCGTGACACCGACAACGTCGTTCCGGCGGCGTACCTGGTCGCGCTGGTCGTGATGGTCTTCACCGCCATCAGCTACGGCAAGATCTCCAGCGCGATCCCGAGTGCCGGATCCGCCTACACCTACGTGCGCGAGTCGATCCATCCGAACCTCGGCTTCATGGTCGGTTGGACGTCGCTGATCGACTACGTGCTGCTGCCGATGGTGAACTGCCTCATCATCCGCAGCTATCTCGAGGCGCTCTTCCCCGAGATCCCCGGGTGGATCTGGGTCGTGCTGTACTGCATCCTCGTCACGAGCATCATCTACCTCACGATGCGCGGCACCTCGAACCTGAACATGATCCTGCTCATCTTCTCGATCATCGTGATGGTCGTCTTCGTGGTGATGGTGATCGCACAGCTGATGCGCGGCGAGGGTGCCGCGACCGTGGCCTCGATGACCCCGTTCTTCCACGACGGCGCCACGATGAGTGCGGTGCTGATGGGCGCCACGATCGTGTGCTTCTCGTTCATCGGCTTCGACGCCGTGACGATGTACGCGGAAGAGGCCAAGGACCCGAAGATCATGCCCAAGGCCATCCTGCTGACGGTGCTTCTGGGAGGCGCGATCTTCCTCATCTCCGGCTACCTCACGCAGCTGCGCTTCCCCGACTGGAACGAGTTCGCGCCGGGCGGCGACATGCAGTTCGTCGAGGACTCCACGCTGCCGGTCATCGGCAACCTGGTCGGCGGCCCCGTGCTCATGGCGGTGCTGACAGCGGCCGGCTTCTGCGCCACCCTCGCCTCCGGCCTGGCTTCGCACGCCTCGGTGTCGCGGATGCTGCTGGTGATGGGCCGCAACAACGTGCTGCCGCAGCGGGCGTTCGGCTACATCAATCCGCGCACCCACACCCCGACCTTCAACATCGTGCTGGTCGGCGCCATCTCGCTGCTGGCCATCCCGTTCACCCTCGAGCTGATCGCCGCGTGGATCAACTTTGGCGCGCTGATCGCCTTCACCTTCGTCAACATCTCGGTGATCGCGTGGTTCGCGATCCGCAAGGGCCGTCGCAAGACTCCCGGCGACATCTTCAGCTTCATCGTGATGCCCGGCATCGGCATGGTGCTCACCGGTCTGCTCTGGGCGAACCTGCACGAGGACGCCCTGCGCGGCGGCCTGGTGTGGACCGCGATCGGGGTCGTCTACCTCGCCATCATCACGAAGGGCTTCCGCAAGAAGGTCGTCGCCTTCGACGAGAACCAGGCGGTGACCGGATACAACAAGGTCGTCAAGGTTCCGGTCGACGAGAGCTGA",1428,194,"T"
"20",3643534,3643263,3644012,"MISA.c01","srlR","ATGCTCGCCGCCCAGCGCAAAGACCACCTGCTCGACCTTCTCGCCCGTGATGGACGGGTGGTGGCCAAGACCGTCGCCGACGAGGTCGGGGTCTCGGAGGACGCGATCCGACGCGACCTCCGGGAACTCGCCGAAGAGGGAAAGCTCCAGCGCGTGTACGGCGGCGCCCTGCCGATCCCTGCCCCGGAGGCCCCGGTGAGCGAACGCACCGAGCTGGCGACCGCGAGCAAGGAGCGCGTCGCACGCGCGGCGGTGGCCACCATCCGGCCCGACTCGACGATCATCCTCGATGCCGGCACGACCACTCTCGCCATGGCCCGGATACTGCCCTCCGGCACGGGGCTCACGGTGATCACGGCGAGCCCGACTGTCGCACTCGCGGCGGCGGAGCACTCGGACGCACGGGTGATCATGGTCGGTGGGGAGCTCTCTCGACACTCACTGGTGACCGGCGGCGGAATGGCGATGGAGGCCATCCAGCACCTCGCGGCCGACACGTTCTTCCTCGGAGCCACCGGCATCGATCCCGCACGCGGCCTGACCACCGGCGAGCTCGAGGATGCCGTCACCAAGCGGGCACTGGCCTCGCGCTGCACCGAGACCGTCGTGCTCGCGAGCGAGGAGAAGATCGGCGCTGTCGCGCGCTATCCCATCCTCGCGCTCGACGCCGTCACCGCGATCATCACCGACCCGGCCGACGACAACCCGCTCACCGCGGAGGTCGAGTCGAGGATCGCCGGACGGGAGTGA",750,272,"A"
"21",2116572,2115807,2116997,"OCAN.c02","yjiA","ATGCCGAATCCCATTCCCGTTTCCGTGCTGACCGGTTTTCTTGGTTCAGGCAAGACGACGCTTCTCAACCGGCTTCTGAAAGATCCGGCGCTGAGCGATACGGCGGTTATCATCAACGAGTTCGGCGAGATCAGCATTGATCATCTGCTGGTTGAGCAGGCGAGCGAGGGCGTGATCGAGCTTTCCGACGGCTGCCTGTGCTGCACGGTGCGCGGCGAGCTGGTGGATACGCTGGCCGACCTGATCGACCGGCTCCAGACCGGGCGCATCAAGGCGTTGAAGCGCGTCATCATCGAAACCACCGGGCTCGCCGATCCGGCGCCGGTGCTGCATTCGATCATGGGGCATCCGGTGCTCATGCAGGCTTTCAGGCTGGACGGTGTTCTGGCGACCGTGGATGCCGTTAACGGCATGGCGACGCTCGACAATCACGAGGAAGCCGTCAAGCAGGCGGCAATGGCCGACCGCATCGTGCTGACCAAAACCGATCTGCCGGAAGCGCAGTCAGGACTGGCAGCATTGAAGGCGCGTCTTCATGCGCTCCATCCCGGCGCAGACATTCTGGAAGCCGGTGAACAGCGCACGGGTTATGCGGCGCTTTTTGAATGCGGTCTCTATAATCCGGAAACGAAATCGGCGGACGTGCAGCGCTGGCTCAAGGCGGAAGCCTATGAGGACGGTCATCATGACCACTCCCATCATGGGCGTTCTCATGGGCCTGACCATGCTTGCGGGCCGAATTGCGATCACGACCATCATCATCACGACGAACACCATCACGATCATGGCCATGCGCATCATCATCACCACGACGATGCGATCCGGTCCTTTTCGCTTCGTCACGATGCGCCGATCCCGCTATCGACCTTCGACATGTTCCTGGATCTTCTGCGTTCAACGCATGGGGAGAAGCTTCTGCGTGTGAAAGGGATCGTGCAGATTGCCGAAGACCCGGATCGTCCGGTTGTCATTCACGGGGTGCAGAAGATTTTCCATCCGCCAGCGCGCCTGCCGCAATGGCCGCAGGATAAGCGGGAAACGCTTCTGGTGATGATCGTGAAGGATCTGCCGGAAACCTATGTGCGTGAGCTGTTCGATGCGTTTTTGGGGCGCCCTGCGCTCGATAGGCCAGACCGTGCCGCGCTGATGGAAAATCCGCTGGCTATTCCGGGTTTTTCGCCCCGGAGCTGA",1191,766,"G"
"22",2116572,2115807,2116997,"OCAN.c02","yjiA","ATGCCGAATCCCATTCCCGTTTCCGTGCTGACCGGTTTTCTTGGTTCAGGCAAGACGACGCTTCTCAACCGGCTTCTGAAAGATCCGGCGCTGAGCGATACGGCGGTTATCATCAACGAGTTCGGCGAGATCAGCATTGATCATCTGCTGGTTGAGCAGGCGAGCGAGGGCGTGATCGAGCTTTCCGACGGCTGCCTGTGCTGCACGGTGCGCGGCGAGCTGGTGGATACGCTGGCCGACCTGATCGACCGGCTCCAGACCGGGCGCATCAAGGCGTTGAAGCGCGTCATCATCGAAACCACCGGGCTCGCCGATCCGGCGCCGGTGCTGCATTCGATCATGGGGCATCCGGTGCTCATGCAGGCTTTCAGGCTGGACGGTGTTCTGGCGACCGTGGATGCCGTTAACGGCATGGCGACGCTCGACAATCACGAGGAAGCCGTCAAGCAGGCGGCAATGGCCGACCGCATCGTGCTGACCAAAACCGATCTGCCGGAAGCGCAGTCAGGACTGGCAGCATTGAAGGCGCGTCTTCATGCGCTCCATCCCGGCGCAGACATTCTGGAAGCCGGTGAACAGCGCACGGGTTATGCGGCGCTTTTTGAATGCGGTCTCTATAATCCGGAAACGAAATCGGCGGACGTGCAGCGCTGGCTCAAGGCGGAAGCCTATGAGGACGGTCATCATGACCACTCCCATCATGGGCGTTCTCATGGGCCTGACCATGCTTGCGGGCCGAATTGCGATCACGACCATCATCATCACGACGAACACCATCACGATCATGGCCATGCGCATCATCATCACCACGACGATGCGATCCGGTCCTTTTCGCTTCGTCACGATGCGCCGATCCCGCTATCGACCTTCGACATGTTCCTGGATCTTCTGCGTTCAACGCATGGGGAGAAGCTTCTGCGTGTGAAAGGGATCGTGCAGATTGCCGAAGACCCGGATCGTCCGGTTGTCATTCACGGGGTGCAGAAGATTTTCCATCCGCCAGCGCGCCTGCCGCAATGGCCGCAGGATAAGCGGGAAACGCTTCTGGTGATGATCGTGAAGGATCTGCCGGAAACCTATGTGCGTGAGCTGTTCGATGCGTTTTTGGGGCGCCCTGCGCTCGATAGGCCAGACCGTGCCGCGCTGATGGAAAATCCGCTGGCTATTCCGGGTTTTTCGCCCCGGAGCTGA",1191,766,"G"
"23",2116572,2115807,2116997,"OCAN.c02","yjiA","ATGCCGAATCCCATTCCCGTTTCCGTGCTGACCGGTTTTCTTGGTTCAGGCAAGACGACGCTTCTCAACCGGCTTCTGAAAGATCCGGCGCTGAGCGATACGGCGGTTATCATCAACGAGTTCGGCGAGATCAGCATTGATCATCTGCTGGTTGAGCAGGCGAGCGAGGGCGTGATCGAGCTTTCCGACGGCTGCCTGTGCTGCACGGTGCGCGGCGAGCTGGTGGATACGCTGGCCGACCTGATCGACCGGCTCCAGACCGGGCGCATCAAGGCGTTGAAGCGCGTCATCATCGAAACCACCGGGCTCGCCGATCCGGCGCCGGTGCTGCATTCGATCATGGGGCATCCGGTGCTCATGCAGGCTTTCAGGCTGGACGGTGTTCTGGCGACCGTGGATGCCGTTAACGGCATGGCGACGCTCGACAATCACGAGGAAGCCGTCAAGCAGGCGGCAATGGCCGACCGCATCGTGCTGACCAAAACCGATCTGCCGGAAGCGCAGTCAGGACTGGCAGCATTGAAGGCGCGTCTTCATGCGCTCCATCCCGGCGCAGACATTCTGGAAGCCGGTGAACAGCGCACGGGTTATGCGGCGCTTTTTGAATGCGGTCTCTATAATCCGGAAACGAAATCGGCGGACGTGCAGCGCTGGCTCAAGGCGGAAGCCTATGAGGACGGTCATCATGACCACTCCCATCATGGGCGTTCTCATGGGCCTGACCATGCTTGCGGGCCGAATTGCGATCACGACCATCATCATCACGACGAACACCATCACGATCATGGCCATGCGCATCATCATCACCACGACGATGCGATCCGGTCCTTTTCGCTTCGTCACGATGCGCCGATCCCGCTATCGACCTTCGACATGTTCCTGGATCTTCTGCGTTCAACGCATGGGGAGAAGCTTCTGCGTGTGAAAGGGATCGTGCAGATTGCCGAAGACCCGGATCGTCCGGTTGTCATTCACGGGGTGCAGAAGATTTTCCATCCGCCAGCGCGCCTGCCGCAATGGCCGCAGGATAAGCGGGAAACGCTTCTGGTGATGATCGTGAAGGATCTGCCGGAAACCTATGTGCGTGAGCTGTTCGATGCGTTTTTGGGGCGCCCTGCGCTCGATAGGCCAGACCGTGCCGCGCTGATGGAAAATCCGCTGGCTATTCCGGGTTTTTCGCCCCGGAGCTGA",1191,766,"G"
"24",2116572,2115807,2116997,"OCAN.c02","yjiA","ATGCCGAATCCCATTCCCGTTTCCGTGCTGACCGGTTTTCTTGGTTCAGGCAAGACGACGCTTCTCAACCGGCTTCTGAAAGATCCGGCGCTGAGCGATACGGCGGTTATCATCAACGAGTTCGGCGAGATCAGCATTGATCATCTGCTGGTTGAGCAGGCGAGCGAGGGCGTGATCGAGCTTTCCGACGGCTGCCTGTGCTGCACGGTGCGCGGCGAGCTGGTGGATACGCTGGCCGACCTGATCGACCGGCTCCAGACCGGGCGCATCAAGGCGTTGAAGCGCGTCATCATCGAAACCACCGGGCTCGCCGATCCGGCGCCGGTGCTGCATTCGATCATGGGGCATCCGGTGCTCATGCAGGCTTTCAGGCTGGACGGTGTTCTGGCGACCGTGGATGCCGTTAACGGCATGGCGACGCTCGACAATCACGAGGAAGCCGTCAAGCAGGCGGCAATGGCCGACCGCATCGTGCTGACCAAAACCGATCTGCCGGAAGCGCAGTCAGGACTGGCAGCATTGAAGGCGCGTCTTCATGCGCTCCATCCCGGCGCAGACATTCTGGAAGCCGGTGAACAGCGCACGGGTTATGCGGCGCTTTTTGAATGCGGTCTCTATAATCCGGAAACGAAATCGGCGGACGTGCAGCGCTGGCTCAAGGCGGAAGCCTATGAGGACGGTCATCATGACCACTCCCATCATGGGCGTTCTCATGGGCCTGACCATGCTTGCGGGCCGAATTGCGATCACGACCATCATCATCACGACGAACACCATCACGATCATGGCCATGCGCATCATCATCACCACGACGATGCGATCCGGTCCTTTTCGCTTCGTCACGATGCGCCGATCCCGCTATCGACCTTCGACATGTTCCTGGATCTTCTGCGTTCAACGCATGGGGAGAAGCTTCTGCGTGTGAAAGGGATCGTGCAGATTGCCGAAGACCCGGATCGTCCGGTTGTCATTCACGGGGTGCAGAAGATTTTCCATCCGCCAGCGCGCCTGCCGCAATGGCCGCAGGATAAGCGGGAAACGCTTCTGGTGATGATCGTGAAGGATCTGCCGGAAACCTATGTGCGTGAGCTGTTCGATGCGTTTTTGGGGCGCCCTGCGCTCGATAGGCCAGACCGTGCCGCGCTGATGGAAAATCCGCTGGCTATTCCGGGTTTTTCGCCCCGGAGCTGA",1191,766,"G"
