"","x.Position","Start","End","Organism","Microbe","Replicate","Name","short","Ref","Alt","UniprotID"
"1",83654,82768,84477,"AGTU.c01","AGTU.c01",1.2,"Long-chain-fatty-acid--CoA ligase       ","fadD","C","T","P69451"
"2",677536,677068,677808,"AGTU.c01","AGTU.c01",3.2,"Pentapeptide repeat protein Rfr32     ","AGTU_00650","G","C","B1WVN5"
"3",703340,703145,704191,"AGTU.c01","AGTU.c01",1.1,"Outer membrane protein IIIA     ","ropA_2","C","T","Q05811"
"4",1372439,1372185,1372541,"AGTU.c01","AGTU.c01",4.5,"hypothetical protein       ","AGTU_01326","C","A",NA
"5",2863371,2863278,2864348,"AGTU.c01","AGTU.c01",3.4,"Inner membrane protein YjgN     ","yjgN","G","T","P39338"
"6",555455,553939,556656,"AGTU.c02","AGTU.c02",4.1,"Protein translocase subunit SecA     ","secA","G","T","P52966"
"7",181352,181281,181562,"AGTU.p02","AGTU.p02",4.4,"Transcriptional repressor FrmR      ","frmR","G","A","P0AAP3"
"8",4436504,4436374,4436670,"COTE.c01","COTE.c01",2.5,"hypothetical protein       ","COTE_04126","T","G",NA
"9",5466537,5465708,5466982,"COTE.c01","COTE.c01",2.5,"Nitrate regulatory protein      ","nasR","T","G","Q48468"
"10",5466552,5465708,5466982,"COTE.c01","COTE.c01",3.4,"Nitrate regulatory protein      ","nasR","G","A","Q48468"
"11",5466695,5465708,5466982,"COTE.c01","COTE.c01",2.1,"Nitrate regulatory protein      ","nasR","A","C","Q48468"
"12",5466897,5465708,5466982,"COTE.c01","COTE.c01",2.2,"Nitrate regulatory protein      ","nasR","A","C","Q48468"
"13",5466897,5465708,5466982,"COTE.c01","COTE.c01",2.3,"Nitrate regulatory protein      ","nasR","A","C","Q48468"
"14",5466905,5465708,5466982,"COTE.c01","COTE.c01",3.3,"Nitrate regulatory protein      ","nasR","G","T","Q48468"
"15",5643748,5643413,5644879,"COTE.c01","COTE.c01",2.3,"Trk system potassium uptake protein TrkH   ","trkH","G","C","E1V6C5"
"16",699272,697714,699714,"MISA.c01","MISA.c01",4.3,"ATP-dependent zinc metalloprotease FtsH     ","ftsH_1","C","T","P9WQN3"
"17",1281972,1281677,1282456,"MISA.c01","MISA.c01",4.5,"Protein DedA       ","dedA_1","T","G","P0ABP6"
"18",1628511,1628109,1629221,"MISA.c01","MISA.c01",3.3,"PhoH-like protein       ","MISA_01549","T","G","P9WIA3"
"19",2587322,2587129,2588556,"MISA.c01","MISA.c01",3.5,"Putrescine importer PuuP      ","puuP_3","A","C","P76037"
"20",3643534,3643263,3644012,"MISA.c01","MISA.c01",4.5,"Glucitol operon repressor      ","srlR","A","C","P15082"
"21",2116572,2115807,2116997,"OCAN.c02","OCAN.c02",4.5,"putative GTP-binding protein YjiA     ","yjiA","G","C","P24203"
"22",2116572,2115807,2116997,"OCAN.c02","OCAN.c02",4.3,"putative GTP-binding protein YjiA     ","yjiA","G","C","P24203"
"23",2116572,2115807,2116997,"OCAN.c02","OCAN.c02",4.4,"putative GTP-binding protein YjiA     ","yjiA","G","C","P24203"
"24",2116572,2115807,2116997,"OCAN.c02","OCAN.c02",4.1,"putative GTP-binding protein YjiA     ","yjiA","G","C","P24203"
